<!DOCTYPE html>
<html>
	<head>
		<title>Redirecting...</title>
		<meta http-equiv="refresh" content="0;url=/2022/09/01/banshie-enters-strategic-partnership-with-aryze-for-eeur-stablecoin-security-audits/">
	</head>
	<body>
		<script type="text/javascript">
			window.location = "/2022/09/01/banshie-enters-strategic-partnership-with-aryze-for-eeur-stablecoin-security-audits/";
		</script>

		<p>You are being redirected to <a href="/2022/09/01/banshie-enters-strategic-partnership-with-aryze-for-eeur-stablecoin-security-audits/">/2022/09/01/banshie-enters-strategic-partnership-with-aryze-for-eeur-stablecoin-security-audits/</a></p>
	</body>
</html>
