<?xml version="1.0" encoding="UTF-8"?><rss version="2.0"
	xmlns:content="http://purl.org/rss/1.0/modules/content/"
	xmlns:wfw="http://wellformedweb.org/CommentAPI/"
	xmlns:dc="http://purl.org/dc/elements/1.1/"
	xmlns:atom="http://www.w3.org/2005/Atom"
	xmlns:sy="http://purl.org/rss/1.0/modules/syndication/"
	xmlns:slash="http://purl.org/rss/1.0/modules/slash/"
	>

<channel>
	<title>Banshie Cybersecurity Services</title>
	<atom:link href="/feed/" rel="self" type="application/rss+xml" />
	<link>/</link>
	<description></description>
	<lastBuildDate>Tue, 31 Oct 2023 11:24:02 +0000</lastBuildDate>
	<language>en-US</language>
	<sy:updatePeriod>
	hourly	</sy:updatePeriod>
	<sy:updateFrequency>
	1	</sy:updateFrequency>
	<generator>https://wordpress.org/?v=6.4.1</generator>
	<item>
		<title>New CEO Appointed</title>
		<link>/2023/10/03/new-ceo-appointed/</link>
					<comments>/2023/10/03/new-ceo-appointed/#respond</comments>
		
		<dc:creator><![CDATA[banshie]]></dc:creator>
		<pubDate>Tue, 03 Oct 2023 07:28:27 +0000</pubDate>
				<category><![CDATA[Uncategorized]]></category>
		<guid isPermaLink="false">/?p=2752</guid>

					<description><![CDATA[<p>Thomas Birn, who founded Banshie along with Dennis Nilsson has taken over the role of CEO while Dennis has taken on the task of running Banshies new sister company, Hackstar Studios. Thomas has been running professional services since the company was founded and Banshie is well-known to be a frontrunner in technical excellence and high [&#8230;]</p>
<p>The post <a href="/2023/10/03/new-ceo-appointed/">New CEO Appointed</a> appeared first on <a href="">Banshie Cybersecurity Services</a>.</p>
]]></description>
										<content:encoded><![CDATA[
<p id="viewer-foo">Thomas Birn, who founded Banshie along with Dennis Nilsson has taken over the role of CEO while Dennis has taken on the task of running Banshies new sister company, Hackstar Studios.</p>



<p id="viewer-9cffg">Thomas has been running professional services since the company was founded and Banshie is well-known to be a frontrunner in technical excellence and high professionalism when delivering cyber security services.</p>



<p id="viewer-ekcln">Our reputation and culture will always be a core value in Banshie as it continues to grow in size and reach.</p>



<figure class="wp-block-image size-full"><img fetchpriority="high" decoding="async" width="1024" height="1024" src="/wp-content/uploads/2023/10/thomas-banshie.png" alt="thomas banshie" class="wp-image-6599"/></figure>



<p id="viewer-en5i0">“I love Banshie and all that it stands for today. We set out to build a cybersecurity company that does things differently than everyone else and we are driven by a mission to secure our clients by providing no bullshit cybersecurity.</p>



<p id="viewer-398s4">We will continue to evolve our business and attract the best talent available to ensure that we keep on providing this mantra to our current and future partners”</p>
<p>The post <a href="/2023/10/03/new-ceo-appointed/">New CEO Appointed</a> appeared first on <a href="">Banshie Cybersecurity Services</a>.</p>
]]></content:encoded>
					
					<wfw:commentRss>/2023/10/03/new-ceo-appointed/feed/</wfw:commentRss>
			<slash:comments>0</slash:comments>
		
		
			</item>
		<item>
		<title>Banshie Enters Strategic Partnership with ARYZE for eEUR Stablecoin Security Audits</title>
		<link>/2022/09/01/banshie-enters-strategic-partnership-with-aryze-for-eeur-stablecoin-security-audits/</link>
					<comments>/2022/09/01/banshie-enters-strategic-partnership-with-aryze-for-eeur-stablecoin-security-audits/#comments</comments>
		
		<dc:creator><![CDATA[banshie]]></dc:creator>
		<pubDate>Thu, 01 Sep 2022 06:05:40 +0000</pubDate>
				<category><![CDATA[Uncategorized]]></category>
		<guid isPermaLink="false">/?p=1</guid>

					<description><![CDATA[<p>Security is a part of the core focus for the Aryze Team. By maintaining the very best discipline of security and safety their main goal is to offer their customers the best outset. That is why Aryze and Banshie are teaming to add effective and highly skilled security testers to their workflow. Together the two [&#8230;]</p>
<p>The post <a href="/2022/09/01/banshie-enters-strategic-partnership-with-aryze-for-eeur-stablecoin-security-audits/">Banshie Enters Strategic Partnership with ARYZE for eEUR Stablecoin Security Audits</a> appeared first on <a href="">Banshie Cybersecurity Services</a>.</p>
]]></description>
										<content:encoded><![CDATA[
<p id="viewer-foo">Security is a part of the core focus for the Aryze Team. By maintaining the very best discipline of security and safety their main goal is to offer their customers the best outset. That is why Aryze and Banshie are teaming to add effective and highly skilled security testers to their workflow.</p>



<p id="viewer-c5idf">Together the two companies have created the following press release:</p>



<p>Briefing on the importance of their newest partnership with Banshie, Business Development Manager said: &#8220;At Banshie, Cybersecurity Services our prime priority is to make sure, users feel secure, particularly throughout their transition into the ever-evolving DeFi area.&#8221;</p>



<p>The Aryze protocol depends on newest technology which will contain undiscovered vulnerabilities, and that is why they need are determined to partner with Banshie to make sure the Aryze platform can perform seamlessly and to make sure our users a secure launch.</p>



<p id="viewer-6o628">The partnership with Banshie is a major milestone for ARYZE and its vision for secure, auditable Digital Cash systems based on real-world assets. The ARYZE protocol is based on the latest technology that can contain undiscovered vulnerabilities, which will be mitigated through the newly established partnership and security analysis of smart contracts. </p>



<p>To ensure that the ARYZE platform can perform seamlessly, a white-box security audit wash is conducted where details about the architecture and components will be available to Banshie for transparency and time savings. The audit will ensure that critical components are specified and implemented securely, and Banshie will provide recommendations for security-related improvements to the code base, as well as validate that the implemented code matches the architecture as defined. </p>



<figure class="wp-block-image size-full"><img decoding="async" width="936" height="333" src="/wp-content/uploads/2023/10/aryzee.png" alt="aryzee" class="wp-image-4560"/></figure>



<p id="viewer-8dvef"><strong>ABOUT ARYZE</strong></p>



<p id="viewer-emvdl">ARYZE is a Copenhagen-based fintech company developing services for the fourth industrial revolution, specifically related to digital assets and programmable money. With a mission of making dumb money smart, it aims to solve some of the biggest problems within the financial sphere, such as lack of inclusiveness, money laundering, and lack of transparency. ARYZE has recently entered private beta with eEUR, a full-reserve euro stablecoin, which will be followed by eUSD, eGBP, eDKK, and many more. ARYZE is working with key partners such as IBM, Episode Six, Grant Thornton, and Onfido to ensure they deliver secure, inclusive, and modern fintech services to everyone.  </p>



<p id="viewer-1uj6i">Learn more about ARYZE here:  <a href="http://www.aryze.io/" target="_blank" rel="noreferrer noopener">www.aryze.io</a></p>



<div style="height:80px" aria-hidden="true" class="wp-block-spacer"></div>



<figure class="wp-block-image size-large is-resized"><img decoding="async" width="158" height="29" src="/wp-content/uploads/2023/09/banshie-logo-green.svg" alt="banshie logo green" class="wp-image-6342" style="aspect-ratio:5.448275862068965;width:840px;height:auto"/></figure>



<div style="height:80px" aria-hidden="true" class="wp-block-spacer"></div>



<p id="viewer-6vrsl"><strong>ABOUT BANSHIE</strong></p>



<p id="viewer-9siuj">Banshie is a leading cybersecurity business firm with crucial expertise that specializes in blockchain and smart contract security. Their distinctive focus on security is setting new code review and audit standards. Banshie provides a wide range of services to identify weaknesses, including red teams, penetration testing, assumed breach, attack and detection, and cloud security assessments. With their hacker mindset, they also provide security code audits to identify vulnerabilities in smart contracts on the Ethereum and Solana blockchains, as well as full-stack audits of entire dApps, including on-chain, backend, and web3 frontends.</p>



<p id="viewer-c6oum">Learn more about Banshie here: <a href="http://www.banshie.com/" target="_blank" rel="noreferrer noopener"> www.banshie.com</a></p>
<p>The post <a href="/2022/09/01/banshie-enters-strategic-partnership-with-aryze-for-eeur-stablecoin-security-audits/">Banshie Enters Strategic Partnership with ARYZE for eEUR Stablecoin Security Audits</a> appeared first on <a href="">Banshie Cybersecurity Services</a>.</p>
]]></content:encoded>
					
					<wfw:commentRss>/2022/09/01/banshie-enters-strategic-partnership-with-aryze-for-eeur-stablecoin-security-audits/feed/</wfw:commentRss>
			<slash:comments>1</slash:comments>
		
		
			</item>
	</channel>
</rss>
